{
  "dependencies": {
    "mssql1": {
      "type": "mssql.local",
      "connectionId": "ConnectionStrings:DefaultConnection"
    },
    "secrets1": {
      "type": "secrets.user"
    },
    "appInsights1": {
      "secretStore": "LocalSecretsFile",
      "resourceId": "/subscriptions/[parameters('subscriptionId')]/resourceGroups/[parameters('resourceGroupName')]/providers/microsoft.insights/components/contactwebdeveloper-bobafet",
      "type": "appInsights.azure",
      "connectionId": "APPINSIGHTS_CONNECTIONSTRING"
    }
  }
}